percentage,static,dynamic_4qsize,dynamic_8qsize,dynamic_16qsize,dynamic_32qsize,dynamic_64qsize
0,339.771,222.597,76.2836,74.1645,164.559,337.699
40,339.781,374.182,137.149,197.301,342.219,562.251
80,339.773,582.128,172.508,268.614,456.369,664.208
100,339.35,345.814,117.07,165.583,282.849,449.254
lowest_speedup,1,0.58,1.97,1.26,0.74,0.51
highest_speedup,1,1.53,4.45,4.58,2.06,1.01
gmean_speedup,1,0.9400000000000001,2.82,2.12,1.16,0.7000000000000001
